PheWAS_ID,phenotype,broad_category,range_ID,Case/control,Control_N,Case_N,C_1,N_1,G_1a,G_1b,CBB_1,CBA_1,O_1,OBB_1,OBA_1,C_2,N_2,G_2a,G_2b,CBB_2,CBA_2,O_2,OBB_2,OBA_2,C_3,N_3,G_3a,G_3b,CBB_3,CBA_3,O_3,OBB_3,OBA_3,C_4,N_4,G_4a,G_4b,CBB_4,CBA_4
P2017,Acute angle closure glaucoma,Phenotype,R_73,case,NA,case_1,C0001,1,minf,inf,NB,NB,,,,,,,,,,,,,,,,,,,,,,,,,,,
P2017,Acute angle closure glaucoma,Phenotype,R_73,control,control_1,NA,primary_care_pop,1,minf,inf,NB,NB,NOT,NB,NB,C0001,1,minf,inf,NB,NB,,,,,,,,,,,,,,,,,,
P2008,Acute kidney injury (CP),Phenotype,R_122,case,NA,case_1,C0002,1,minf,inf,NB,NB,,,,,,,,,,,,,,,,,,,,,,,,,,,
P2008,Acute kidney injury (CP),Phenotype,R_122,control,control_1,NA,primary_care_pop,1,minf,inf,NB,NB,NOT,NB,NB,C0002,1,minf,inf,NB,NB,,,,,,,,,,,,,,,,,,
P2021,Acute urinary retention (CP),Phenotype,R_127,case,NA,case_1,C0003,1,minf,inf,NB,NB,,,,,,,,,,,,,,,,,,,,,,,,,,,
P2021,Acute urinary retention (CP),Phenotype,R_127,control,control_1,NA,primary_care_pop,1,minf,inf,NB,NB,NOT,NB,NB,C0003,1,minf,inf,NB,NB,,,,,,,,,,,,,,,,,,
P2014,Agranulocytosis/neutropaenia,Phenotype,R_58,case,NA,case_1,C0004,1,minf,inf,NB,NB,,,,,,,,,,,,,,,,,,,,,,,,,,,
P2014,Agranulocytosis/neutropaenia,Phenotype,R_58,control,control_1,NA,primary_care_pop,1,minf,inf,NB,NB,NOT,NB,NB,C0004,1,minf,inf,NB,NB,,,,,,,,,,,,,,,,,,
P2025,Motor neuron disease,Phenotype,R_67,case,NA,case_1,C0006,1,minf,inf,NB,NB,,,,,,,,,,,,,,,,,,,,,,,,,,,
P2025,Motor neuron disease,Phenotype,R_67,control,control_1,NA,primary_care_pop,1,minf,inf,NB,NB,NOT,NB,NB,C0006,1,minf,inf,NB,NB,,,,,,,,,,,,,,,,,,
P2026,Alzheimer's disease (CP),Phenotype,R_60,case,NA,case_1,C0005,2,minf,inf,NB,NB,NOT,NB,NB,C0045,1,0,inf,NB,NB,,,,,,,,,,,,,,,,,,
P2026,Alzheimer's disease (CP),Phenotype,R_60,control,control_1,NA,primary_care_pop,1,minf,inf,NB,NB,NOT,NB,NB,"C0005,C0045",1,minf,inf,NB,NB,,,,,,,,,,,,,,,,,,
P2200.13,Alzheimer's with neuropathic pain,Phenotype,R_0,case,NA,case_1,P2026,1,minf,inf,NB,NB,AND,NB,NB,"C0016,C1002","1,2",0,inf,NB,NB,,,,,,,,,,,,,,,,,,
P2200.13,Alzheimer's with neuropathic pain,Phenotype,R_0,control,control_1,NA,P2026,1,minf,inf,NB,NB,NOT,NB,NB,"C1003,C0016","1,1",inf,inf,NB,NB,,,,,,,,,,,,,,,,,,
P2200.34,Post-amputation neuropathic pain,Phenotype,R_0,case,NA,case_1,C0079,1,minf,inf,NB,NB,AND,NB,NB,"C0051,C1002","1,2",0,inf,NB,NB,,,,,,,,,,,,,,,,,,
P2200.34,Post-amputation neuropathic pain,Phenotype,R_0,case,NA,case_2,C0052,1,minf,inf,NB,NB,,,,,,,,,,,,,,,,,,,,,,,,,,,
P2200.34,Post-amputation neuropathic pain,Phenotype,R_0,control,control_1,NA,C0079,1,minf,inf,NB,NB,NOT,NB,NB,"C0052,C0051,C1003","1,1,1",minf,inf,NB,NB,,,,,,,,,,,,,,,,,,
P2027,Amputation,Phenotype,R_0,case,NA,case_1,C0079,1,minf,inf,NB,NB,,,,,,,,,,,,,,,,,,,,,,,,,,,
P2027,Amputation,Phenotype,R_0,control,control_1,NA,primary_care_pop,1,minf,inf,NB,NB,NOT,NB,NB,C0079,1,minf,inf,NB,NB,,,,,,,,,,,,,,,,,,
P2019,Anaphylactic reactions (CP),Phenotype,R_225,case,NA,case_1,C0007,1,minf,inf,NB,NB,,,,,,,,,,,,,,,,,,,,,,,,,,,
P2019,Anaphylactic reactions (CP),Phenotype,R_225,control,control_1,NA,primary_care_pop,1,minf,inf,NB,NB,NOT,NB,NB,C0007,1,minf,inf,NB,NB,,,,,,,,,,,,,,,,,,
P2015,Aplastic anaemia (CP),Phenotype,R_56,case,NA,case_1,C0010,1,minf,inf,NB,NB,,,,,,,,,,,,,,,,,,,,,,,,,,,
P2015,Aplastic anaemia (CP),Phenotype,R_56,control,control_1,NA,primary_care_pop,1,minf,inf,NB,NB,NOT,NB,NB,C0010,1,minf,inf,NB,NB,,,,,,,,,,,,,,,,,,
P2020,Asthma (CP),Phenotype,R_99,case,NA,case_1,C0011,2,minf,inf,NB,NB,,,,,,,,,,,,,,,,,,,,,,,,,,,
P2020,Asthma (CP),Phenotype,R_99,control,control_1,NA,primary_care_pop,1,minf,inf,NB,NB,NOT,NB,NB,C0011,1,minf,inf,NB,NB,,,,,,,,,,,,,,,,,,
P2200.41,Neuropathic back pain,Phenotype,R_0,case,NA,case_1,C0012,2,minf,inf,NB,NB,AND,NB,NB,"C0051,C1002","1,2",0,inf,NB,NB,,,,,,,,,,,,,,,,,,
P2200.41,Neuropathic back pain,Phenotype,R_0,control,control_1,NA,C0012,1,minf,inf,NB,NB,NOT,NB,NB,"C0051,C1003","1,1",minf,inf,NB,NB,,,,,,,,,,,,,,,,,,
P2028,Back Pain (CP),Phenotype,R_188,case,NA,case_1,C0012,2,minf,inf,NB,NB,,,,,,,,,,,,,,,,,,,,,,,,,,,
P2028,Back Pain (CP),Phenotype,R_188,control,control_1,NA,primary_care_pop,1,minf,inf,NB,NB,NOT,NB,NB,C0012,1,minf,inf,NB,NB,,,,,,,,,,,,,,,,,,
P2016,Bleeding events,Phenotype,R_0,case,NA,case_1,"C0026,C0017,C0028,C0029","1,1,1,1",minf,inf,NB,NB,,,,,,,,,,,,,,,,,,,,,,,,,,,
P2016,Bleeding events,Phenotype,R_0,control,control_1,NA,primary_care_pop,1,minf,inf,NB,NB,NOT,NB,NB,"C0026,C0028,C0029,C0017","1,1,1,1",minf,inf,NB,NB,,,,,,,,,,,,,,,,,,
P2029,Gastrointestinal bleed,Phenotype,R_0,case,NA,case_1,C0026,1,minf,inf,NB,NB,,,,,,,,,,,,,,,,,,,,,,,,,,,
P2029,Gastrointestinal bleed,Phenotype,R_0,control,control_1,NA,primary_care_pop,1,minf,inf,NB,NB,NOT,NB,NB,C0026,1,minf,inf,NB,NB,,,,,,,,,,,,,,,,,,
P2030,Cerebral haemorrhage,Phenotype,R_0,case,NA,case_1,C0017,1,minf,inf,NB,NB,,,,,,,,,,,,,,,,,,,,,,,,,,,
P2030,Cerebral haemorrhage,Phenotype,R_0,control,control_1,NA,primary_care_pop,1,minf,inf,NB,NB,NOT,NB,NB,C0017,1,minf,inf,NB,NB,,,,,,,,,,,,,,,,,,
P2031,Haemarthrosis,Phenotype,R_0,case,NA,case_1,C0028,1,minf,inf,NB,NB,,,,,,,,,,,,,,,,,,,,,,,,,,,
P2031,Haemarthrosis,Phenotype,R_0,control,control_1,NA,primary_care_pop,1,minf,inf,NB,NB,NOT,NB,NB,C0028,1,minf,inf,NB,NB,,,,,,,,,,,,,,,,,,
P2032,Haemothorax,Phenotype,R_0,case,NA,case_1,C0029,1,minf,inf,NB,NB,,,,,,,,,,,,,,,,,,,,,,,,,,,
P2032,Haemothorax,Phenotype,R_0,control,control_1,NA,primary_care_pop,1,minf,inf,NB,NB,NOT,NB,NB,C0029,1,minf,inf,NB,NB,,,,,,,,,,,,,,,,,,
P2200.17,Traumatic brain injury associated  neuropathic pain,Phenotype,R_0,case,NA,case_1,C0013,1,minf,inf,NB,NB,AND,NB,NB,"C0016,C1002","1,2",0,inf,NB,NB,,,,,,,,,,,,,,,,,,
P2200.17,Traumatic brain injury associated  neuropathic pain,Phenotype,R_0,control,control_1,NA,C0013,1,minf,inf,NB,NB,NOT,NB,NB,"C1003,C0016","1,1",inf,inf,NB,NB,,,,,,,,,,,,,,,,,,
P2033,Traumatic brain injury (CP),Phenotype,R_212,case,NA,case_1,C0013,1,minf,inf,NB,NB,,,,,,,,,,,,,,,,,,,,,,,,,,,
P2033,Traumatic brain injury (CP),Phenotype,R_212,control,control_1,NA,primary_care_pop,1,minf,inf,NB,NB,NOT,NB,NB,C0013,1,minf,inf,NB,NB,,,,,,,,,,,,,,,,,,
C1001,carpal_tunnel_wider,Concept,NA,case,NA,case_1,"C0015,C0014,P5098","1,1,1",minf,inf,NB,NB,,,,,,,,,,,,,,,,,,,,,,,,,,,
P2200.46,Painful carpal tunnel syndrome,Phenotype,R_0,case,NA,case_1,"C0015,P5098","2,1",minf,inf,NB,NB,AND,NB,NB,"C0051,C1002","1,2",-60,inf,NB,NB,,,,,,,,,,,,,,,,,,
P2200.46,Painful carpal tunnel syndrome,Phenotype,R_0,control,control_1,NA,C1001,1,minf,inf,NB,NB,NOT,NB,NB,"C0051,C1003","1,1",minf,inf,NB,NB,,,,,,,,,,,,,,,,,,
P2034,Carpal tunnel syndrome,Phenotype,R_71,case,NA,case_1,"C0015,C0014,P5098","2,1,1",minf,inf,NB,NB,,,,,,,,,,,,,,,,,,,,,,,,,,,
P2034,Carpal tunnel syndrome,Phenotype,R_71,control,control_1,NA,primary_care_pop,1,minf,inf,NB,NB,NOT,NB,NB,"C0015,C0014","1,1",minf,inf,NB,NB,,,,,,,,,,,,,,,,,,
P2200.42,Complex regional pain syndrome,Phenotype,R_71,case,NA,case_1,"C0018,P5099","1,1",minf,inf,NB,NB,,,,,,,,,,,,,,,,,,,,,,,,,,,
P2200.42,Complex regional pain syndrome,Phenotype,R_71,control,control_1,NA,primary_care_pop,1,minf,inf,NB,NB,NOT,NB,NB,"C0018,P5099","1,1",minf,inf,NB,NB,,,,,,,,,,,,,,,,,,
P2200.31,Painful diabetic neuropathy,Phenotype,R_0,case,NA,case_1,C0019,3,minf,inf,NB,NB,AND,NB,NB,"C0051,C1002","1,2",1,inf,NB,NB,,,,,,,,,,,,,,,,,,
P2200.31,Painful diabetic neuropathy,Phenotype,R_0,case,NA,case_2,C0021,1,minf,inf,NB,NB,AND,NB,NB,"C0051,C1002,C0048","1,2,2",-30,inf,NB,NB,,,,,,,,,,,,,,,,,,
P2200.31,Painful diabetic neuropathy,Phenotype,R_0,case,NA,case_3,C0020,1,minf,inf,NB,NB,,,,,,,,,,,,,,,,,,,,,,,,,,,
P2200.31,Painful diabetic neuropathy,Phenotype,R_0,control,control_1,NA,C0019,3,minf,inf,NB,NB,NOT,NB,NB,"C0021,C0020,C0051,C1003,P5105","1,1,1,1,1",minf,inf,NB,NB,,,,,,,,,,,,,,,,,,
P2035,Diabetes mellitus,Phenotype,R_42,case,NA,case_1,"C0019,C0020,C0021","3,3,3",minf,inf,NB,NB,,,,,,,,,,,,,,,,,,,,,,,,,,,
P2035,Diabetes mellitus,Phenotype,R_42,case,NA,case_2,C0019,2,minf,inf,NB,NB,AND,NB,NB,C0021,1,minf,inf,NB,NB,,,,,,,,,,,,,,,,,,
P2035,Diabetes mellitus,Phenotype,R_42,case,NA,case_3,C0019,2,minf,inf,NB,NB,AND,NB,NB,C0020,1,minf,inf,NB,NB,,,,,,,,,,,,,,,,,,
P2035,Diabetes mellitus,Phenotype,R_42,control,control_1,NA,primary_care_pop,1,minf,inf,NB,NB,NOT,NB,NB,"C0019,C0020,C0021","1,1,1",minf,inf,NB,NB,,,,,,,,,,,,,,,,,,
P2035.1,Type 1 diabetes,Phenotype,R_42,case,NA,case_1,C0081,3,minf,inf,NB,NB,NOT,NB,NB,C0082,2,1,inf,NB,NB,,,,,,,,,,,,,,,,,,
P2035.1,Type 1 diabetes,Phenotype,R_42,case,NA,case_2,C0081,2,minf,inf,NB,NB,AND,NB,NB,C0083,1,minf,inf,NB,NB,NOT,NB,NB,C0082,2,1,inf,NB,NB,,,,,,,,,
P2035.1,Type 1 diabetes,Phenotype,R_42,control,control_1,NA,primary_care_pop,1,minf,inf,NB,NB,NOT,NB,NB,"C0019,C0020,C0021","1,1,1",minf,inf,NB,NB,,,,,,,,,,,,,,,,,,
P2035.2,Type 2 diabetes,Phenotype,R_42,case,NA,case_1,C0082,3,minf,inf,NB,NB,NOT,NB,NB,C0081,2,1,inf,NB,NB,,,,,,,,,,,,,,,,,,
P2035.2,Type 2 diabetes,Phenotype,R_42,case,NA,case_2,C0082,2,minf,inf,NB,NB,AND,NB,NB,C0083,1,minf,inf,NB,NB,NOT,NB,NB,C0082,2,1,inf,NB,NB,,,,,,,,,
P2035.2,Type 2 diabetes,Phenotype,R_42,control,control_1,NA,primary_care_pop,1,minf,inf,NB,NB,NOT,NB,NB,"C0019,C0020,C0021","1,1,1",minf,inf,NB,NB,,,,,,,,,,,,,,,,,,
P2200.48,Painful discopathy,Phenotype,R_0,case,NA,case_1,C0022,1,minf,inf,NB,NB,AND,NB,NB,"C0051,C1002","1,2",0,inf,NB,NB,,,,,,,,,,,,,,,,,,
P2200.48,Painful discopathy,Phenotype,R_0,control,control_1,NA,C0022,1,minf,inf,NB,NB,NOT,NB,NB,"C0051,C1003","1,1",minf,inf,NB,NB,,,,,,,,,,,,,,,,,,
P2036,Discopathy,Phenotype,R_173,case,NA,case_1,C0022,1,minf,inf,NB,NB,,,,,,,,,,,,,,,,,,,,,,,,,,,
P2036,Discopathy,Phenotype,R_173,control,control_1,NA,primary_care_pop,1,minf,inf,NB,NB,NOT,NB,NB,C0022,1,minf,inf,NB,NB,,,,,,,,,,,,,,,,,,
P2007.1,Drug induced liver injury,Phenotype,R_118,case,NA,case_1,C0039,1,minf,inf,NB,NB,,,,,,,,,,,,,,,,,,,,,,,,,,,
P2007.1,Drug induced liver injury,Phenotype,R_118,control,control_1,NA,primary_care_pop,1,minf,inf,NB,NB,NOT,NB,NB,C0039,1,minf,inf,NB,NB,,,,,,,,,,,,,,,,,,
P2200.44,Fabry's disease with neuropathic pain ,Phenotype,R_0,case,NA,case_1,C0024,1,minf,inf,NB,NB,AND,NB,NB,"C0051,C1002","1,2",0,inf,NB,NB,,,,,,,,,,,,,,,,,,
P2200.44,Fabry's disease with neuropathic pain ,Phenotype,R_0,control,control_1,NA,C0024,1,minf,inf,NB,NB,NOT,NB,NB,"C0051,C1003","1,1",minf,inf,NB,NB,,,,,,,,,,,,,,,,,,
P2037,Fabry disease,Phenotype,R_53,case,NA,case_1,C0024,1,minf,inf,NB,NB,,,,,,,,,,,,,,,,,,,,,,,,,,,
P2037,Fabry disease,Phenotype,R_53,control,control_1,NA,primary_care_pop,1,minf,inf,NB,NB,NOT,NB,NB,C0024,1,minf,inf,NB,NB,,,,,,,,,,,,,,,,,,
P2200.37,Guillain-Barre syndrome with neuropathic pain,Phenotype,R_0,case,NA,case_1,C0027,1,minf,inf,NB,NB,AND,NB,NB,"C0051,C1002","1,2",0,inf,NB,NB,,,,,,,,,,,,,,,,,,
P2200.37,Guillain-Barre syndrome with neuropathic pain,Phenotype,R_0,control,control_1,NA,C0027,1,minf,inf,NB,NB,NOT,NB,NB,"C0051,C1003","1,1",minf,inf,NB,NB,,,,,,,,,,,,,,,,,,
P2038,Guillain-Barre syndrome,,R_72,case,NA,case_1,C0027,1,minf,inf,NB,NB,,,,,,,,,,,,,,,,,,,,,,,,,,,
P2038,Guillain-Barre syndrome,,R_72,control,control_1,NA,primary_care_pop,1,minf,inf,NB,NB,NOT,NB,NB,C0027,1,minf,inf,NB,NB,,,,,,,,,,,,,,,,,,
P2018,Hearing loss (CP),Phenotype,R_82,case,NA,case_1,"C0031,P5052","2,1",minf,inf,NB,NB,,,,,,,,,,,,,,,,,,,,,,,,,,,
P2018,Hearing loss (CP),Phenotype,R_82,control,control_1,NA,primary_care_pop,1,minf,inf,NB,NB,NOT,NB,NB,"C0031,P5052,P5054","1,1,1",minf,inf,NB,NB,,,,,,,,,,,,,,,,,,
P2200.35,Neuropathic pain due to HIV infection,Phenotype,R_0,case,NA,case_1,C0033,2,minf,inf,NB,NB,AND,NB,NB,"C0051,C1002","1,2",0,inf,NB,NB,,,,,,,,,,,,,,,,,,
P2200.35,Neuropathic pain due to HIV infection,Phenotype,R_0,case,NA,case_2,C0034,1,minf,inf,NB,NB,AND,NB,NB,"C0051,C1002","1,2",-30,inf,NB,NB,,,,,,,,,,,,,,,,,,
P2200.35,Neuropathic pain due to HIV infection,Phenotype,R_0,control,control_1,NA,C0033,1,minf,inf,NB,NB,NOT,NB,NB,"C0051,C1003,C0034","1,1,1",minf,inf,NB,NB,,,,,,,,,,,,,,,,,,
P2039,Human immunodeficiency virus [HIV] (CP),Phenotype,R_3,case,NA,case_1,"C0033,C0034","2,1",minf,inf,NB,NB,,,,,,,,,,,,,,,,,,,,,,,,,,,
P2039,Human immunodeficiency virus [HIV] (CP),Phenotype,R_3,control,control_1,NA,primary_care_pop,1,minf,inf,NB,NB,NOT,NB,NB,"C0033,C0034","1,1",minf,inf,NB,NB,,,,,,,,,,,,,,,,,,
P2200.12,Huntington's with neuropathic pain,Phenotype,R_0,case,NA,case_1,C0035,1,minf,inf,NB,NB,AND,NB,NB,"C0016,C1002","1,2",0,inf,NB,NB,,,,,,,,,,,,,,,,,,
P2200.12,Huntington's with neuropathic pain,Phenotype,R_0,control,control_1,NA,C0035,1,minf,inf,NB,NB,NOT,NB,NB,"C1003,C0016","1,1",minf,inf,NB,NB,,,,,,,,,,,,,,,,,,
P2040,Huntington's Disease,Phenotype,R_67,case,NA,case_1,C0035,1,minf,inf,NB,NB,,,,,,,,,,,,,,,,,,,,,,,,,,,
P2040,Huntington's Disease,Phenotype,R_67,control,control_1,NA,primary_care_pop,1,minf,inf,NB,NB,NOT,NB,NB,C0035,1,minf,inf,NB,NB,,,,,,,,,,,,,,,,,,
P2200.36,Leprosy with neuropathic pain,Phenotype,R_0,case,NA,case_1,"C0036,C0037","1,1",minf,inf,NB,NB,AND,NB,NB,"C0051,C1002","1,2",-60,inf,NB,NB,,,,,,,,,,,,,,,,,,
P2200.36,Leprosy with neuropathic pain,Phenotype,R_0,control,control_1,NA,C0036,1,minf,inf,NB,NB,NOT,NB,NB,"C0051,C1003,C0037","1,1,1",minf,inf,NB,NB,,,,,,,,,,,,,,,,,,
P2041,Leprosy (CP),Phenotype,R_2,case,NA,case_1,"C0036,C0037","1,1",minf,inf,NB,NB,,,,,,,,,,,,,,,,,,,,,,,,,,,
P2041,Leprosy (CP),Phenotype,R_2,control,control_1,NA,primary_care_pop,1,minf,inf,NB,NB,NOT,NB,NB,"C0036,C0037","1,1",minf,inf,NB,NB,,,,,,,,,,,,,,,,,,
P2007,Liver failure,Phenotype,R_118,case,NA,case_1,"C0038,C0039","1,1",minf,inf,NB,NB,,,,,,,,,,,,,,,,,,,,,,,,,,,
P2007,Liver failure,Phenotype,R_118,control,control_1,NA,primary_care_pop,1,minf,inf,NB,NB,NOT,NB,NB,"C0038,C0039","1,1",minf,inf,NB,NB,,,,,,,,,,,,,,,,,,
P2210,Migraine (primary care),Phenotype,R_69,case,NA,case_1,"C0040,P5103","1,1",minf,inf,NB,NB,,,,,,,,,,,,,,,,,,,,,,,,,,,
P2210,Migraine (primary care),Phenotype,R_69,control,control_1,NA,primary_care_pop,1,minf,inf,NB,NB,NOT,NB,NB,"C0040,C0030,P5103","1,1,1",minf,inf,NB,NB,,,,,,,,,,,,,,,,,,
P2200.15,Multiple sclerosis with neuropathic pain,Phenotype,R_0,case,NA,case_1,C0041,1,minf,inf,NB,NB,AND,NB,NB,"C0016,C1002","1,2",-60,inf,NB,NB,,,,,,,,,,,,,,,,,,
P2200.15,Multiple sclerosis with neuropathic pain,Phenotype,R_0,control,control_1,NA,C0041,1,minf,inf,NB,NB,NOT,NB,NB,"C1003,C0016","1,1",minf,inf,NB,NB,,,,,,,,,,,,,,,,,,
P2042,Multiple sclerosis (CP),Phenotype,R_67,case,NA,case_1,C0041,1,minf,inf,NB,NB,,,,,,,,,,,,,,,,,,,,,,,,,,,
P2042,Multiple sclerosis (CP),Phenotype,R_67,control,control_1,NA,primary_care_pop,1,minf,inf,NB,NB,NOT,NB,NB,C0041,1,minf,inf,NB,NB,,,,,,,,,,,,,,,,,,
P2013,Myocardial infarction (CP),Phenotype,R_85,case,NA,case_1,C0042,1,minf,inf,NB,NB,,,,,,,,,,,,,,,,,,,,,,,,,,,
P2013,Myocardial infarction (CP),Phenotype,R_85,control,control_1,NA,primary_care_pop,1,minf,inf,NB,NB,NOT,NB,NB,C0042,1,minf,inf,NB,NB,,,,,,,,,,,,,,,,,,
P2200.43,Neurofibromatosis type 2 schwannomatosis schwannomas with neuropathic pain,Phenotype,R_0,case,NA,case_1,C0043,1,minf,inf,NB,NB,AND,NB,NB,"C0051,C1002","1,2",-30,inf,NB,NB,,,,,,,,,,,,,,,,,,
P2200.43,Neurofibromatosis type 2 schwannomatosis schwannomas with neuropathic pain,Phenotype,R_0,control,control_1,NA,C0043,1,minf,inf,NB,NB,NOT,NB,NB,"C0051,C1003","1,1",minf,inf,NB,NB,,,,,,,,,,,,,,,,,,
P2043,Neurofibromatosis type 2 schwannomatosis schwannomas,Phenotype,R_25,case,NA,case_1,C0043,1,minf,inf,NB,NB,,,,,,,,,,,,,,,,,,,,,,,,,,,
P2043,Neurofibromatosis type 2 schwannomatosis schwannomas,Phenotype,R_25,control,control_1,NA,primary_care_pop,1,minf,inf,NB,NB,NOT,NB,NB,C0043,1,minf,inf,NB,NB,,,,,,,,,,,,,,,,,,
P2200.20,Neuromyelitis Optica with neuropathic pain,Phenotype,R_0,case,NA,case_1,C0044,1,minf,inf,NB,NB,AND,NB,NB,"C0016,C1002","1,2",-30,inf,NB,NB,,,,,,,,,,,,,,,,,,
P2200.20,Neuromyelitis Optica with neuropathic pain,Phenotype,R_0,control,control_1,NA,C0044,1,minf,inf,NB,NB,NOT,NB,NB,"C1003,C0016","1,1",minf,inf,NB,NB,,,,,,,,,,,,,,,,,,
P2044,Neuromyelitis Optica ,Phenotype,R_67,case,NA,case_1,C0044,1,minf,inf,NB,NB,,,,,,,,,,,,,,,,,,,,,,,,,,,
P2044,Neuromyelitis Optica ,Phenotype,R_67,control,control_1,NA,primary_care_pop,1,minf,inf,NB,NB,NOT,NB,NB,C0044,1,minf,inf,NB,NB,,,,,,,,,,,,,,,,,,
C1002,neuropathic_pain_drugs,Concept,NA,case,NA,case_1,C0009,1,minf,inf,NB,NB,NOT,NB,NB,C0023,1,minf,365,NB,NB,,,,,,,,,,,,,,,,,,
C1002,neuropathic_pain_drugs,Concept,NA,case,NA,case_2,C0008,1,minf,inf,NB,NB,,,,,,,,,,,,,,,,,,,,,,,,,,,
C1002,neuropathic_pain_drugs,Concept,NA,case,NA,case_3,C0046,1,minf,inf,NB,NB,,,,,,,,,,,,,,,,,,,,,,,,,,,
C1003,neuropathic_pain_drugs_wider,Concept,NA,case,NA,case_1,C0009,1,minf,inf,NB,NB,NOT,NB,NB,C0023,1,minf,365,NB,NB,,,,,,,,,,,,,,,,,,
C1003,neuropathic_pain_drugs_wider,Concept,NA,case,NA,case_2,C0008,1,minf,inf,NB,NB,,,,,,,,,,,,,,,,,,,,,,,,,,,
C1003,neuropathic_pain_drugs_wider,Concept,NA,case,NA,case_3,C0046,1,minf,inf,NB,NB,,,,,,,,,,,,,,,,,,,,,,,,,,,
C1003,neuropathic_pain_drugs_wider,Concept,NA,case,NA,case_4,C0048,1,minf,inf,NB,NB,,,,,,,,,,,,,,,,,,,,,,,,,,,
P2200.53,Other neuropathy and compression pain,Phenotype,R_0,case,NA,case_1,C0047,1,minf,inf,NB,NB,AND,NB,NB,"C0051,C1002","1,2",-30,inf,NB,NB,,,,,,,,,,,,,,,,,,
P2200.53,Other neuropathy and compression pain,Phenotype,R_0,control,control_1,NA,C0047,1,minf,inf,NB,NB,NOT,NB,NB,"C0051,C1003","1,1",minf,inf,NB,NB,,,,,,,,,,,,,,,,,,
C1006,parkinsons_cases,Concept,NA,case,NA,case_1,C0049,1,minf,inf,NB,NB,AND,NB,NB,C0080,2,-30,inf,NB,NB,NOT,NB,NB,C0058,1,1,inf,NB,NB,,,,,,,,,
P2023,Parkinson's disease (+ medication),Phenotype,R_67,case,NA,case_1,C1006,1,minf,inf,NB,NB,,,,,,,,,,,,,,,,,,,,,,,,,,,
P2023,Parkinson's disease (+ medication),Phenotype,R_67,control,control_1,NA,primary_care_pop,1,minf,inf,NB,NB,NOT,NB,NB,"C0049,C0080,C0058","1,1,1",minf,inf,NB,NB,,,,,,,,,,,,,,,,,,
P2200.111,Parkinson's with neuropathic pain,Phenotype,R_0,case,NA,case_1,C1006,1,minf,inf,NB,NB,AND,NB,NB,"C0016,C1002","1,2",0,inf,NB,NB,,,,,,,,,,,,,,,,,,
P2200.111,Parkinson's with neuropathic pain,Phenotype,R_0,control,control_1,NA,C1006,1,minf,inf,NB,NB,NOT,NB,NB,"C1003,C0016","1,1",minf,inf,NB,NB,,,,,,,,,,,,,,,,,,
P2200.11,Parkinson's (simple) with neuropathic pain,Phenotype,R_0,case,NA,case_1,C0049,1,minf,inf,NB,NB,AND,NB,NB,"C0016,C1002","1,2",0,inf,NB,NB,,,,,,,,,,,,,,,,,,
P2200.11,Parkinson's (simple) with neuropathic pain,Phenotype,R_0,control,control_1,NA,C0049,1,minf,inf,NB,NB,NOT,NB,NB,"C1003,C0016","1,1",minf,inf,NB,NB,,,,,,,,,,,,,,,,,,
P2024,Parkinson's disease simple,Phenotype,R_67,case,NA,case_1,C0049,1,minf,inf,NB,NB,,,,,,,,,,,,,,,,,,,,,,,,,,,
P2024,Parkinson's disease simple,Phenotype,R_67,control,control_1,NA,primary_care_pop,1,minf,inf,NB,NB,NOT,NB,NB,C0049,1,minf,inf,NB,NB,,,,,,,,,,,,,,,,,,
P2200.45,Painful peripheral nerve injury or entrapment,Phenotype,R_0,case,NA,case_1,C0050,1,minf,inf,NB,NB,AND,NB,NB,"C0051,C1002","1,2",-60,inf,NB,NB,,,,,,,,,,,,,,,,,,
P2200.45,Painful peripheral nerve injury or entrapment,Phenotype,R_0,control,control_1,NA,"C0050,P5101","1,1",minf,inf,NB,NB,NOT,NB,NB,"C0051,C1003","1,1",minf,inf,NB,NB,,,,,,,,,,,,,,,,,,
P2045,Peripheral nerve injury or entrapment,Phenotype,R_219,case,NA,case_1,"C0050,P5101","1,1",minf,inf,NB,NB,,,,,,,,,,,,,,,,,,,,,,,,,,,
P2045,Peripheral nerve injury or entrapment,Phenotype,R_219,control,control_1,NA,primary_care_pop,1,minf,inf,NB,NB,NOT,NB,NB,"C0050,P5101","1,1",minf,inf,NB,NB,,,,,,,,,,,,,,,,,,
P2200.33,Post-herpetic neuralgia,Phenotype,R_0,case,NA,case_1,C0032,1,minf,inf,NB,NB,AND,NB,NB,"C0051,C1002","1,2",0,inf,NB,NB,,,,,,,,,,,,,,,,,,
P2200.33,Post-herpetic neuralgia,Phenotype,R_0,case,NA,case_2,"C0053,P5104","1,1",minf,inf,NB,NB,,,,,,,,,,,,,,,,,,,,,,,,,,,
P2200.33,Post-herpetic neuralgia,Phenotype,R_0,control,control_1,NA,C0032,1,minf,inf,NB,NB,NOT,NB,NB,"C0051,C1003,C0053,P5104","1,1,1,1",minf,inf,NB,NB,,,,,,,,,,,,,,,,,,
P2046,Herpes zoster infection (CP),Phenotype,R_3,case,NA,case_1,C0032,1,minf,inf,NB,NB,,,,,,,,,,,,,,,,,,,,,,,,,,,
P2046,Herpes zoster infection (CP),Phenotype,R_3,control,control_1,NA,primary_care_pop,1,minf,inf,NB,NB,NOT,NB,NB,"C0032,C0053",1,minf,inf,NB,NB,,,,,,,,,,,,,,,,,,
P2200.40,Post-surgical neuropathic pain,Phenotype,R_0,case,NA,case_1,"C0054,P5100","1,1",minf,inf,NB,NB,AND,NB,NB,"C0051,C1002","1,2",0,inf,NB,NB,,,,,,,,,,,,,,,,,,
P2200.40,Post-surgical neuropathic pain,Phenotype,R_0,control,control_1,NA,"C0054,P5100","1,1",minf,inf,NB,NB,NOT,NB,NB,"C0051,C1003","1,1",minf,inf,NB,NB,,,,,,,,,,,,,,,,,,
P2009,Prolonged QTc,Phenotype,R_89,case,NA,case_1,C0055,1,minf,inf,NB,NB,,,,,,,,,,,,,,,,,,,,,,,,,,,
P2009,Prolonged QTc,Phenotype,R_89,control,control_1,NA,primary_care_pop,1,minf,inf,NB,NB,NOT,NB,NB,C0055,1,minf,inf,NB,NB,,,,,,,,,,,,,,,,,,
P2022,Rhabdomyolysis (CP),Phenotype,R_194,case,NA,case_1,C0056,1,minf,inf,NB,NB,,,,,,,,,,,,,,,,,,,,,,,,,,,
P2022,Rhabdomyolysis (CP),Phenotype,R_194,control,control_1,NA,primary_care_pop,1,minf,inf,NB,NB,NOT,NB,NB,C0056,1,minf,inf,NB,NB,,,,,,,,,,,,,,,,,,
P2200.51,Sciatica clinical,Phenotype,R_71,case,NA,case_1,C0057,2,minf,inf,NB,NB,,,,,,,,,,,,,,,,,,,,,,,,,,,
P2200.51,Sciatica clinical,Phenotype,R_71,control,control_1,NA,primary_care_pop,1,minf,inf,NB,NB,NOT,NB,NB,C0057,1,minf,inf,NB,NB,,,,,,,,,,,,,,,,,,
P2200.511,Sciatica clinical + drugs,Phenotype,R_0,case,NA,case_1,C0057,1,minf,inf,NB,NB,AND,NB,NB,"C0051,C1002","1,2",0,inf,NB,NB,,,,,,,,,,,,,,,,,,
P2200.511,Sciatica clinical + drugs,Phenotype,R_0,control,control_1,NA,C0057,1,minf,inf,NB,NB,NOT,NB,NB,"C0051,C1003","1,1",minf,inf,NB,NB,,,,,,,,,,,,,,,,,,
P2002,Seizures (CP),Phenotype,R_67,case,NA,case_1,"C0059,C0023","2,1",minf,inf,NB,NB,,,,,,,,,,,,,,,,,,,,,,,,,,,
P2002,Seizures (CP),Phenotype,R_67,control,control_1,NA,primary_care_pop,1,minf,inf,NB,NB,NOT,NB,NB,"C0059,C0023","1,1",minf,inf,NB,NB,,,,,,,,,,,,,,,,,,
P2200.47,Painful spinal nerve impingement,Phenotype,R_0,case,NA,case_1,C0063,1,minf,inf,NB,NB,AND,NB,NB,"C0051,C1002","1,2",-60,inf,NB,NB,,,,,,,,,,,,,,,,,,
P2200.47,Painful spinal nerve impingement,Phenotype,R_0,control,control_1,NA,C1004,1,minf,inf,NB,NB,NOT,NB,NB,"C0051,C1003","1,1",minf,inf,NB,NB,,,,,,,,,,,,,,,,,,
C1004,spinal_impingement_wider,Concept,NA,case,NA,case_1,"C0063,C0064",1,minf,inf,NB,NB,,,,,,,,,,,,,,,,,,,,,,,,,,,
P2200.49,Painful spinal stenosis,Phenotype,R_0,case,NA,case_1,C0065,1,minf,inf,NB,NB,AND,NB,NB,"C0051,C1002","1,2",-60,inf,NB,NB,,,,,,,,,,,,,,,,,,
P2200.49,Painful spinal stenosis,Phenotype,R_0,control,control_1,NA,C0065,1,minf,inf,NB,NB,NOT,NB,NB,"C0051,C1003","1,1",minf,inf,NB,NB,,,,,,,,,,,,,,,,,,
P2047,Spinal stenosis (CP),Phenotype,R_173,case,NA,case_1,C0065,1,minf,inf,NB,NB,,,,,,,,,,,,,,,,,,,,,,,,,,,
P2047,Spinal stenosis (CP),Phenotype,R_173,control,control_1,NA,primary_care_pop,1,minf,inf,NB,NB,NOT,NB,NB,C0065,1,minf,inf,NB,NB,,,,,,,,,,,,,,,,,,
P2200.16,Spinal cord injury associated neuropathic pain,Phenotype,R_0,case,NA,case_1,C0062,1,minf,inf,NB,NB,AND,NB,NB,"C0016,C1002","1,2",0,inf,NB,NB,,,,,,,,,,,,,,,,,,
P2200.16,Spinal cord injury associated neuropathic pain,Phenotype,R_0,control,control_1,NA,C0062,1,minf,inf,NB,NB,NOT,NB,NB,"C1003,C0016","1,1",minf,inf,NB,NB,,,,,,,,,,,,,,,,,,
P2048,Spinal cord injury (CP),Phenotype,R_226,case,NA,case_1,C0062,1,minf,inf,NB,NB,,,,,,,,,,,,,,,,,,,,,,,,,,,
P2048,Spinal cord injury (CP),Phenotype,R_226,control,control_1,NA,primary_care_pop,1,minf,inf,NB,NB,NOT,NB,NB,C0062,1,minf,inf,NB,NB,,,,,,,,,,,,,,,,,,
P2200.50,Painful spondylosis,Phenotype,R_0,case,NA,case_1,C0066,1,minf,inf,NB,NB,AND,NB,NB,"C0051,C1002","1,2",-60,inf,NB,NB,,,,,,,,,,,,,,,,,,
P2200.50,Painful spondylosis,Phenotype,R_0,control,control_1,NA,C0066,1,minf,inf,NB,NB,NOT,NB,NB,"C0051,C1003","1,1",minf,inf,NB,NB,,,,,,,,,,,,,,,,,,
P2049,Spondylosis (CP),Phenotype,R_173,case,NA,case_1,C0066,1,minf,inf,NB,NB,,,,,,,,,,,,,,,,,,,,,,,,,,,
P2049,Spondylosis (CP),Phenotype,R_173,control,control_1,NA,primary_care_pop,1,minf,inf,NB,NB,NOT,NB,NB,C0066,1,minf,inf,NB,NB,,,,,,,,,,,,,,,,,,
P2000,Steven Johnson Syndrome,Phenotype,R_228,case,NA,case_1,C0067,1,minf,inf,NB,NB,,,,,,,,,,,,,,,,,,,,,,,,,,,
P2000,Steven Johnson Syndrome,Phenotype,R_228,control,control_1,NA,primary_care_pop,1,minf,inf,NB,NB,NOT,NB,NB,C0067,1,minf,inf,NB,NB,,,,,,,,,,,,,,,,,,
P2003,Stroke/Cerebrovascular events (CP),Phenotype,R_91,case,NA,case_1,C0068,2,minf,inf,NB,NB,,,,,,,,,,,,,,,,,,,,,,,,,,,
P2003,Stroke/Cerebrovascular events (CP),Phenotype,R_91,control,control_1,NA,primary_care_pop,1,minf,inf,NB,NB,NOT,NB,NB,C0068,1,minf,inf,NB,NB,,,,,,,,,,,,,,,,,,
P2003.1,Hemorrhagic stroke (CP),Phenotype,R_91,case,NA,case_1,C0084,1,minf,inf,NB,NB,,,,,,,,,,,,,,,,,,,,,,,,,,,
P2003.1,Hemorrhagic stroke (CP),Phenotype,R_91,control,control_1,NA,primary_care_pop,1,minf,inf,NB,NB,NOT,NB,NB,C0068,1,minf,inf,NB,NB,,,,,,,,,,,,,,,,,,
P2003.2,Ischemic stroke (CP),Phenotype,R_91,case,NA,case_1,C0085,1,minf,inf,NB,NB,,,,,,,,,,,,,,,,,,,,,,,,,,,
P2003.2,Ischemic stroke (CP),Phenotype,R_91,control,control_1,NA,primary_care_pop,1,minf,inf,NB,NB,NOT,NB,NB,C0068,1,minf,inf,NB,NB,,,,,,,,,,,,,,,,,,
P2200.14,Stroke associated neuropathic pain,Phenotype,R_0,case,NA,case_1,C0068,1,minf,inf,NB,NB,AND,NB,NB,"C0016,C1002","1,2",0,inf,NB,NB,,,,,,,,,,,,,,,,,,
P2200.14,Stroke associated neuropathic pain,Phenotype,R_0,control,control_1,NA,C0068,1,minf,inf,NB,NB,NOT,NB,NB,"C0051,C1003,C0069","1,1,1",minf,inf,NB,NB,,,,,,,,,,,,,,,,,,
P2011,Sudden cardiac death,Phenotype,R_89,case,NA,case_1,C0070,1,minf,inf,NB,NB,,,,,,,,,,,,,,,,,,,,,,,,,,,
P2011,Sudden cardiac death,Phenotype,R_89,control,control_1,NA,primary_care_pop,1,minf,inf,NB,NB,NOT,NB,NB,C0070,1,minf,inf,NB,NB,,,,,,,,,,,,,,,,,,
P2005,Suicide ideation/attempts (CP),Phenotype,R_62,case,NA,case_1,C0071,1,minf,inf,NB,NB,,,,,,,,,,,,,,,,,,,,,,,,,,,
P2005,Suicide ideation/attempts (CP),Phenotype,R_62,control,control_1,NA,primary_care_pop,1,minf,inf,NB,NB,NOT,NB,NB,C0071,1,minf,inf,NB,NB,,,,,,,,,,,,,,,,,,
P2200.18,Syringomyelia with neuropathic pain ,Phenotype,R_0,case,NA,case_1,C0072,1,minf,inf,NB,NB,AND,NB,NB,"C0016,C1002","1,2",-60,inf,NB,NB,,,,,,,,,,,,,,,,,,
P2200.18,Syringomyelia with neuropathic pain ,Phenotype,R_0,control,control_1,NA,C0072,1,minf,inf,NB,NB,NOT,NB,NB,"C0016,C1003",1,minf,inf,NB,NB,,,,,,,,,,,,,,,,,,
P2052,Syringomyelia,Phenotype,R_67,case,NA,case_1,C0072,1,minf,inf,NB,NB,,,,,,,,,,,,,,,,,,,,,,,,,,,
P2052,Syringomyelia,Phenotype,R_67,control,control_1,NA,primary_care_pop,1,minf,inf,NB,NB,NOT,NB,NB,C0072,1,minf,inf,NB,NB,,,,,,,,,,,,,,,,,,
P2001,Toxic Epidermal Necrolysis,Phenotype,R_228,case,NA,case_1,C0073,1,minf,inf,NB,NB,,,,,,,,,,,,,,,,,,,,,,,,,,,
P2001,Toxic Epidermal Necrolysis,Phenotype,R_228,control,control_1,NA,primary_care_pop,1,minf,inf,NB,NB,NOT,NB,NB,C0073,1,minf,inf,NB,NB,,,,,,,,,,,,,,,,,,
P2004,Transient ischemic events (CP),Phenotype,R_91,case,NA,case_1,C0074,2,minf,inf,NB,NB,,,,,,,,,,,,,,,,,,,,,,,,,,,
P2004,Transient ischemic events (CP),Phenotype,R_91,control,control_1,NA,primary_care_pop,1,minf,inf,NB,NB,NOT,NB,NB,"C0074,C0068,C0069","1,1,1",minf,inf,NB,NB,,,,,,,,,,,,,,,,,,
P2200.19,Transverse myelitis with neuropathic pain,Phenotype,R_0,case,NA,case_1,C0075,1,minf,inf,NB,NB,AND,NB,NB,"C0016,C1002","1,2",-30,inf,NB,NB,,,,,,,,,,,,,,,,,,
P2200.19,Transverse myelitis with neuropathic pain,Phenotype,R_0,control,control_1,NA,C0075,1,minf,inf,NB,NB,NOT,NB,NB,"C0016,C1003",1,minf,inf,NB,NB,,,,,,,,,,,,,,,,,,
P2053,Transverse myelitis,Phenotype,R_65,case,NA,case_1,C0075,1,minf,inf,NB,NB,,,,,,,,,,,,,,,,,,,,,,,,,,,
P2053,Transverse myelitis,Phenotype,R_65,control,control_1,NA,primary_care_pop,1,minf,inf,NB,NB,NOT,NB,NB,C0075,1,minf,inf,NB,NB,,,,,,,,,,,,,,,,,,
P2200.32,Trigeminal neuralgia,Phenotype,R_71,case,NA,case_1,C0076,1,minf,inf,NB,NB,,,,,,,,,,,,,,,,,,,,,,,,,,,
P2200.32,Trigeminal neuralgia,Phenotype,R_71,control,control_1,NA,primary_care_pop,1,minf,inf,NB,NB,NOT,NB,NB,C0076,1,minf,inf,NB,NB,,,,,,,,,,,,,,,,,,
P2012,Acute coronary syndrome (CP),Phenotype,R_85,case,NA,case_1,C0077,2,minf,inf,NB,NB,,,,,,,,,,,,,,,,,,,,,,,,,,,
P2012,Acute coronary syndrome (CP),Phenotype,R_85,control,control_1,NA,primary_care_pop,1,minf,inf,NB,NB,NOT,NB,NB,C0077,1,minf,inf,NB,NB,,,,,,,,,,,,,,,,,,
P2010,Ventricular arrhythmias (CP),Phenotype,R_89,case,NA,case_1,C0078,1,minf,inf,NB,NB,,,,,,,,,,,,,,,,,,,,,,,,,,,
P2010,Ventricular arrhythmias (CP),Phenotype,R_89,control,control_1,NA,primary_care_pop,1,minf,inf,NB,NB,NOT,NB,NB,C0078,1,minf,inf,NB,NB,,,,,,,,,,,,,,,,,,
P2200.391,Fibromyalgia pain clinical (+drugs),Phenotype,R_68,case,NA,case_1,C0025,1,minf,inf,NB,NB,AND,NB,NB,"C0051,C1002","1,2",-60,inf,NB,NB,,,,,,,,,,,,,,,,,,
P2200.391,Fibromyalgia pain clinical (+drugs),Phenotype,R_68,control,control_1,NA,"C0025,P5102","1,1",minf,inf,NB,NB,NOT,NB,NB,"C0051,C1003","1,1",minf,inf,NB,NB,,,,,,,,,,,,,,,,,,
P2200.39,Fibromyalgia pain clinical,Phenotype,R_68,case,NA,case_1,"C0025,P5102","2,1",minf,inf,NB,NB,,,,,,,,,,,,,,,,,,,,,,,,,,,
P2200.39,Fibromyalgia pain clinical,Phenotype,R_68,control,control_1,NA,primary_care_pop,1,minf,inf,NB,NB,NOT,NB,NB,"C0025,P5102","1,1",minf,inf,NB,NB,,,,,,,,,,,,,,,,,,
P2200.3,Peripheral neuropathic pain,Phenotype,R_71,case,NA,case_1,"P2200.31,P2200.32,P2200.33,P2200.34,P2200.35,P2200.36,P2200.37,P2200.391,P2200.40,P2200.41,P2200.42,P2200.43,P2200.44,P2200.45,P2200.46,P2200.47,P2200.48,P2200.49,P2200.50,P2200.511,P2200.53","1,1,1,1,1,1,1,1,1,1,1,1,1,1,1,1,1,1,1,1,1",minf,inf,NB,NB,,,,,,,,,,,,,,,,,,,,,,,,,,,
P2200.3,Peripheral neuropathic pain,Phenotype,R_71,case,NA,case_2,C0051,1,minf,inf,NB,NB,AND,NB,NB,C1002,2,0,inf,NB,NB,,,,,,,,,,,,,,,,,,
P2200.3,Peripheral neuropathic pain,Phenotype,R_71,control,control_1,NA,primary_care_pop,1,minf,inf,NB,NB,NOT,NB,NB,"P2200.31,P2200.32,P2200.33,P2200.34,P2200.35,P2200.36,P2200.37,P2200.391,P2200.40,P2200.41,P2200.42,P2200.43,P2200.44,P2200.45,P2200.46,P2200.47,P2200.48,P2200.49,P2200.50,P2200.511,P2200.53,C0051,C1003","1,1,1,1,1,1,1,1,1,1,1,1,1,1,1,1,1,1,1,1,1,1,1",minf,inf,NB,NB,,,,,,,,,,,,,,,,,,
P2200.1,Central neuropathic pain,Phenotype,R_0,case,NA,case_1,"P2200.11,P2200.12,P2200.13,P2200.14,P2200.15,P2200.16,P2200.17,P2200.18,P2200.19,P2200.20","1,1,1,1,1,1,1,1,1,1",minf,inf,NB,NB,,,,,,,,,,,,,,,,,,,,,,,,,,,
P2200.1,Central neuropathic pain,Phenotype,R_0,case,NA,case_2,C0016,1,minf,inf,NB,NB,AND,NB,NB,C1002,2,0,inf,NB,NB,,,,,,,,,,,,,,,,,,
P2200.1,Central neuropathic pain,Phenotype,R_0,control,control_1,NA,primary_care_pop,1,minf,inf,NB,NB,NOT,NB,NB,"P2200.11,P2200.12,P2200.13,P2200.14,P2200.15,P2200.16,P2200.17,P2200.18,P2200.19,P2200.20,C0016,C1003","1,1,1,1,1,1,1,1,1,1,1,1",minf,inf,NB,NB,,,,,,,,,,,,,,,,,,
P2200,All cause neuropathic Pain,Phenotype,R_71,case,NA,case_1,"P2200.1,P2200.3","1,1",minf,inf,NB,NB,,,,,,,,,,,,,,,,,,,,,,,,,,,
P2200,All cause neuropathic Pain,Phenotype,R_71,control,control_1,NA,primary_care_pop,1,minf,inf,NB,NB,NOT,NB,NB,"P2200.1,P2200.3,C0016,C1003,C0051","1,1,1,1,1",minf,inf,NB,NB,,,,,,,,,,,,,,,,,,
P3000,Serious Infection (sepsis),Phenotype,R_232,case,NA,case_1,C0060,1,minf,inf,NB,NB,,,,,,,,,,,,,,,,,,,,,,,,,,,
P3000,Serious Infection (sepsis),Phenotype,R_232,control,control_1,NA,all_pop,1,minf,inf,NB,NB,NOT,NB,NB,C0060,1,minf,inf,NB,NB,,,,,,,,,,,,,,,,,,
P3001,Common cancers,Phenotype,R_0,case,NA,case_1,C0061,1,minf,inf,NB,NB,,,,,,,,,,,,,,,,,,,,,,,,,,,
P3001,Common cancers,Phenotype,R_0,control,control_1,NA,all_pop,1,minf,inf,NB,NB,NOT,NB,NB,C0061,1,minf,inf,NB,NB,,,,,,,,,,,,,,,,,,
P2054,Chronic obstructive pulmonary disease (COPD clinical codes CP),Phenotype,R_99,case,NA,case_1,C0087,1,minf,inf,NB,NB,,,,,,,,,,,,,,,,,,,,,,,,,,,
P2054,Chronic obstructive pulmonary disease (COPD clinical codes CP),Phenotype,R_99,control,control_1,NA,primary_care_pop,1,minf,inf,NB,NB,NOT,NB,NB,C0087,1,minf,inf,NB,NB,,,,,,,,,,,,,,,,,,
P2055,Bronchiectasis (CP),Phenotype,R_99,case,NA,case_1,C0088,1,minf,inf,NB,NB,,,,,,,,,,,,,,,,,,,,,,,,,,,
P2055,Bronchiectasis (CP),Phenotype,R_99,control,control_1,NA,primary_care_pop,1,minf,inf,NB,NB,NOT,NB,NB,C0088,1,minf,inf,NB,NB,,,,,,,,,,,,,,,,,,
P2056,Alpha-1 antitrypsin deficiency (CP),Phenotype,R_99,case,NA,case_1,C0089,1,minf,inf,NB,NB,,,,,,,,,,,,,,,,,,,,,,,,,,,
P2056,Alpha-1 antitrypsin deficiency (CP),Phenotype,R_99,control,control_1,NA,primary_care_pop,1,minf,inf,NB,NB,NOT,NB,NB,C0089,1,minf,inf,NB,NB,,,,,,,,,,,,,,,,,,
P2057,Ever smoked,Phenotype,R_0,case,NA,case_1,P5007,1,minf,inf,NB,NB,NOT,NB,NB,P5008,1,minf,inf,NB,NB,,,,,,,,,,,,,,,,,,
P2057,Ever smoked,Phenotype,R_0,control,control_1,NA,all_pop,1,minf,inf,NB,NB,NOT,NB,NB,P5007,1,minf,inf,NB,NB,,,,,,,,,,,,,,,,,,
P2058,Family history Prostate cancer,Phenotype,R_0,case,NA,case_1,"C0090,P5013,P5025,P5037","1,1,1,1",minf,inf,NB,NB,,,,,,,,,,,,,,,,,,,,,,,,,,,
P2058,Family history Prostate cancer,Phenotype,R_0,control,control_1,NA,all_pop,1,minf,inf,NB,NB,NOT,NB,NB,"C0090,P5013,P5025,P5037","1,1,1,1",minf,inf,NB,NB,,,,,,,,,,,,,,,,,,
P2059,Family history Severe depression,Phenotype,R_0,case,NA,case_1,"C0092,P5014,P5026,P5038","1,1,1,1",minf,inf,NB,NB,,,,,,,,,,,,,,,,,,,,,,,,,,,
P2059,Family history Severe depression,Phenotype,R_0,control,control_1,NA,all_pop,1,minf,inf,NB,NB,NOT,NB,NB,"C0092,P5014,P5026,P5038","1,1,1,1",minf,inf,NB,NB,,,,,,,,,,,,,,,,,,
P2060,Family history Parkinson's disease,Phenotype,R_0,case,NA,case_1,"C0091,P5015,P5027,P5039","1,1,1,1",minf,inf,NB,NB,,,,,,,,,,,,,,,,,,,,,,,,,,,
P2060,Family history Parkinson's disease,Phenotype,R_0,control,control_1,NA,all_pop,1,minf,inf,NB,NB,NOT,NB,NB,"C0091,P5015,P5027,P5039","1,1,1,1",minf,inf,NB,NB,,,,,,,,,,,,,,,,,,
P2061,Family history Alzheimer's disease/dementia,Phenotype,R_0,case,NA,case_1,"C0093,P5016,P5028,P5040","1,1,1,1",minf,inf,NB,NB,,,,,,,,,,,,,,,,,,,,,,,,,,,
P2061,Family history Alzheimer's disease/dementia,Phenotype,R_0,control,control_1,NA,all_pop,1,minf,inf,NB,NB,NOT,NB,NB,"C0093,P5016,P5028,P5040","1,1,1,1",minf,inf,NB,NB,,,,,,,,,,,,,,,,,,
P2062,"Family history Diabetes	",Phenotype,R_0,case,NA,case_1,"C0094,P5017,P5029,P5041","1,1,1,1",minf,inf,NB,NB,,,,,,,,,,,,,,,,,,,,,,,,,,,
P2062,"Family history Diabetes	",Phenotype,R_0,control,control_1,NA,all_pop,1,minf,inf,NB,NB,NOT,NB,NB,"C0094,P5017,P5029,P5041","1,1,1,1",minf,inf,NB,NB,,,,,,,,,,,,,,,,,,
P2063,Family history High blood pressure,Phenotype,R_0,case,NA,case_1,"C0095,P5018,P5030,P5042","1,1,1,1",minf,inf,NB,NB,,,,,,,,,,,,,,,,,,,,,,,,,,,
P2063,Family history High blood pressure,Phenotype,R_0,control,control_1,NA,all_pop,1,minf,inf,NB,NB,NOT,NB,NB,"C0095,P5018,P5030,P5042","1,1,1,1",minf,inf,NB,NB,,,,,,,,,,,,,,,,,,
P2064,Family history Chronic bronchitis/emphysema,Phenotype,R_0,case,NA,case_1,"C0096,P5019,P5031,P5043","1,1,1,1",minf,inf,NB,NB,,,,,,,,,,,,,,,,,,,,,,,,,,,
P2064,Family history Chronic bronchitis/emphysema,Phenotype,R_0,control,control_1,NA,all_pop,1,minf,inf,NB,NB,NOT,NB,NB,"C0096,P5019,P5031,P5043","1,1,1,1",minf,inf,NB,NB,,,,,,,,,,,,,,,,,,
P2065,Family history Breast cancer,Phenotype,R_0,case,NA,case_1,"C0097,P5020,P5032,P5044","1,1,1,1",minf,inf,NB,NB,,,,,,,,,,,,,,,,,,,,,,,,,,,
P2065,Family history Breast cancer,Phenotype,R_0,control,control_1,NA,all_pop,1,minf,inf,NB,NB,NOT,NB,NB,"C0097,P5020,P5032,P5044","1,1,1,1",minf,inf,NB,NB,,,,,,,,,,,,,,,,,,
P2066,Family history Bowel cancer,Phenotype,R_0,case,NA,case_1,"C0098,P5021,P5033,P5045","1,1,1,1",minf,inf,NB,NB,,,,,,,,,,,,,,,,,,,,,,,,,,,
P2066,Family history Bowel cancer,Phenotype,R_0,control,control_1,NA,all_pop,1,minf,inf,NB,NB,NOT,NB,NB,"C0098,P5021,P5033,P5045","1,1,1,1",minf,inf,NB,NB,,,,,,,,,,,,,,,,,,
P2067,Family history Lung cancer,Phenotype,R_0,case,NA,case_1,"C0099,P5022,P5034,P5046","1,1,1,1",minf,inf,NB,NB,,,,,,,,,,,,,,,,,,,,,,,,,,,
P2067,Family history Lung cancer,Phenotype,R_0,control,control_1,NA,all_pop,1,minf,inf,NB,NB,NOT,NB,NB,"C0099,P5022,P5034,P5046","1,1,1,1",minf,inf,NB,NB,,,,,,,,,,,,,,,,,,
P2068,Family history Stroke,Phenotype,R_0,case,NA,case_1,"C0100,P5023,P5035,P5047","1,1,1,1",minf,inf,NB,NB,,,,,,,,,,,,,,,,,,,,,,,,,,,
P2068,Family history Stroke,Phenotype,R_0,control,control_1,NA,all_pop,1,minf,inf,NB,NB,NOT,NB,NB,"C0100,P5023,P5035,P5047","1,1,1,1",minf,inf,NB,NB,,,,,,,,,,,,,,,,,,
P2069,Family history Heart disease,Phenotype,R_0,case,NA,case_1,"C0101,P5024,P5036,P5048","1,1,1,1",minf,inf,NB,NB,,,,,,,,,,,,,,,,,,,,,,,,,,,
P2069,Family history Heart disease,Phenotype,R_0,control,control_1,NA,all_pop,1,minf,inf,NB,NB,NOT,NB,NB,"C0101,P5024,P5036,P5048","1,1,1,1",minf,inf,NB,NB,,,,,,,,,,,,,,,,,,
P2070,Tinnitus (CP),Phenotype,R_82,case,NA,case_1,"C0102,P5049,P5050,P5051","1,1,1,1",minf,inf,NB,NB,,,,,,,,,,,,,,,,,,,,,,,,,,,
P2070,Tinnitus (CP),Phenotype,R_82,control,control_1,NA,all_pop,1,minf,inf,NB,NB,NOT,NB,NB,"C0102,P5049,P5050,P5051","1,1,1,1",minf,inf,NB,NB,,,,,,,,,,,,,,,,,,
P2071,Tinnitus (severe CP),Phenotype,R_82,case,NA,case_1,P5050,1,minf,inf,NB,NB,AND,NB,NB,P5051,1,minf,inf,NB,NB,,,,,,,,,,,,,,,,,,
P2071,Tinnitus (severe CP),Phenotype,R_82,control,control_1,NA,all_pop,1,minf,inf,NB,NB,NOT,NB,NB,"C0102,P5049,P5050,P5051","1,1,1,1",minf,inf,NB,NB,,,,,,,,,,,,,,,,,,
P2072,Chronic dry cough,Phenotype,R_0,case,NA,case_1,P5107,1,minf,inf,NB,NB,NOT,NB,NB,P5109,1,minf,inf,NB,NB,,,,,,,,,,,,,,,,,,
P2072,Chronic dry cough,Phenotype,R_0,control,control_1,NA,P5107,0,minf,inf,NB,NB,NOT,NB,NB,"P5107,P5109","1,1",minf,inf,NB,NB,,,,,,,,,,,,,,,,,,
P2074,Eosinophilia (case control),Phenotype,R_0,case,NA,case_1,Q0616,0.3,minf,inf,NB,NB,,,,,,,,,,,,,,,,,,,,,,,,,,,
P2074,Eosinophilia (case control),Phenotype,R_0,control,control_1,NA,Q0616,0,minf,inf,NB,NB,NOT,NB,NB,Q0616,0.3,minf,inf,NB,NB,,,,,,,,,,,,,,,,,,
P2075,Emphysema,Phenotype,R_99,case,NA,case_1,C0105,1,minf,inf,NB,NB,,,,,,,,,,,,,,,,,,,,,,,,,,,
P2075,Emphysema,Phenotype,R_99,control,control_1,NA,primary_care_pop,1,minf,inf,NB,NB,NOT,NB,NB,C0105,1,minf,inf,NB,NB,,,,,,,,,,,,,,,,,,
P2073,Irritable Bowel Syndrome (CP),Phenotype,R_0,case,NA,case_1,"C0103,P5089","1,1",minf,inf,NB,NB,,,,,,,,,,,,,,,,,,,,,,,,,,,
P2073,Irritable Bowel Syndrome (CP),Phenotype,R_0,case,NA,case_2,C1007,1,minf,inf,NB,NB,,,,,,,,,,,,,,,,,,,,,,,,,,,
P2073,Irritable Bowel Syndrome (CP),Phenotype,R_0,control,control_1,NA,P5089,0,minf,inf,NB,NB,NOT,NB,NB,"C0103,P5089,C1007,C0104","1,1,1,1",minf,inf,NB,NB,,,,,,,,,,,,,,,,,,
C1005,IBS_criteria,Concept,NA,case,NA,case_1,P5093,1,minf,inf,NB,NB,AND,NB,NB,"P5094,P5095","1,1",minf,inf,NB,NB,,,,,,,,,,,,,,,,,,
C1005,IBS_criteria,Concept,NA,case,NA,case_2,P5093,1,minf,inf,NB,NB,AND,NB,NB,"P5096,P5097","1,1",minf,inf,NB,NB,,,,,,,,,,,,,,,,,,
C1005,IBS_criteria,Concept,NA,case,NA,case_3,"P5094,P5095","1,1",minf,inf,NB,NB,AND,NB,NB,"P5096,P5097","1,1",minf,inf,NB,NB,,,,,,,,,,,,,,,,,,
C1007,IBS_Rome,Concept,NA,case,NA,case_1,P5090,1,minf,inf,NB,NB,AND,NB,NB,P5092,1,minf,inf,NB,NB,AND,NB,NB,C1005,1,minf,inf,NB,NB,NOT,NB,NB,"P5091,C0104","1,1",minf,inf,NB,NB
P2073.1,Irritable Bowel Syndrome (CP whole pop controls),Phenotype,R_0,case,NA,case_1,"C0103,P5089","1,1",minf,inf,NB,NB,,,,,,,,,,,,,,,,,,,,,,,,,,,
P2073.1,Irritable Bowel Syndrome (CP whole pop controls),Phenotype,R_0,case,NA,case_2,C1007,1,minf,inf,NB,NB,,,,,,,,,,,,,,,,,,,,,,,,,,,
P2073.1,Irritable Bowel Syndrome (CP whole pop controls),Phenotype,R_0,control,control_1,NA,all_pop,1,minf,inf,NB,NB,NOT,NB,NB,"C0103,P5089,C1007,C0104","1,1,1,1",minf,inf,NB,NB,,,,,,,,,,,,,,,,,,
P2076,Chronic obstructive pulmonary disease  (spirometry GOLD1+),Phenotype,R_0,case,NA,case_1,Q0123,0,minf,inf,NB,NB,NOT,NB,NB,Q0123,0.7,minf,inf,NB,NB,,,,,,,,,,,,,,,,,,
P2076,Chronic obstructive pulmonary disease  (spirometry GOLD1+),Phenotype,R_0,control,control_1,NA,Q0123,0.7,minf,inf,NB,NB,,,,,,,,,,,,,,,,,,,,,,,,,,,
P2090,Thyroid eye disease,Phenotype,R_0,case,NA,case_1,C0113,1,minf,inf,NB,NB,,,,,,,,,,,,,,,,,,,,,,,,,,,
P2090,Thyroid eye disease,Phenotype,R_0,control,control_1,NA,primary_care_pop,1,minf,inf,NB,NB,NOT,NB,NB,C0113,1,minf,inf,NB,NB,,,,,,,,,,,,,,,,,,
P2091,Depression,Phenotype,R_69,case,NA,case_1,C0114,2,minf,inf,NB,NB,,,,,,,,,,,,,,,,,,,,,,,,,,,
P2091,Depression,Phenotype,R_69,control,control_1,NA,primary_care_pop,1,minf,inf,NB,NB,NOT,NB,NB,C0114,1,minf,inf,NB,NB,,,,,,,,,,,,,,,,,,
